1,,,123 Main St
2,Jane Smith,smith@gmail.com,456 Elm St
3,Emily Davis,emily@gmail.com,789 Oak St
4,Michael Brown,michael@gmail.com,101 Pine St
5,Sarah Wilson,sarah@gmail.com,202 Maple St
6,David Johnson,david@gmail.com,303 Birch St
7,Laura Martinez,laura@gmail.com,404 Cedar St
8,James Anderson,james@gmail.com,505 Walnut St
9,Patricia Thomas,patricia@gmail.com,606 Cherry St
10,Robert Jackson,robert@gmail.com,707 Aspen St
11,Linda White,linda@gmail.com,808 Willow St
12,William Harris,william@gmail.com,909 Poplar St
13,Elizabeth Martin,elizabeth@gmail.com,111 Spruce St
14,Charles Thompson,charles@gmail.com,222 Redwood St
15,Barbara Garcia,barbara@gmail.com,333 Cypress St
16,Joseph Martinez,joseph@gmail.com,444 Hickory St
17,Susan Robinson,susan@gmail.com,555 Sycamore St
18,Thomas Clark,thomas@gmail.com,666 Magnolia St
19,Mary Lewis,mary@gmail.com,777 Dogwood St
20,Christopher Walker,christopher@gmail.com,888 Palm St
21,Karen Hall,karen@gmail.com,999 Fir St
22,Daniel Allen,daniel@gmail.com,1210 Alder St
23,Nancy Young,nancy@gmail.com,1311 Beech St
24,Matthew King,matthew@gmail.com,1412 Ash St
